original,new,drug,effect score,effect,position,dna_binding,dimerisation,ligand_binding,predicted_prob
Asn,Thr,Unknown,-0.455,Neutral,4,0,0,0,0.808947145938873
Gly,Val,Unknown,-0.257,Neutral,6,0,0,0,0.260614693164825
Val,Gly,Unknown,-0.833,Neutral,7,0,0,0,0.183342233300209
Val,Gly,Unknown,-0.833,Neutral,7,0,0,0,0.183342233300209
Asp,Glu,Unknown,-0.314,Neutral,8,0,0,0,0.741842389106751
Asp,Tyr,Unknown,-1.257,Neutral,8,0,0,0,0.443334698677063
Gln,Lys,Unknown,-0.2,Neutral,9,0,0,0,0.785220921039581
Met,Ile,Unknown,-0.643,Neutral,10,0,0,0,0.306523740291595
Gly,Ser,Unknown,0.795,Neutral,11,0,0,0,0.630200088024139
Glu,Ala,Unknown,-1.26,Neutral,13,0,0,0,0.435106039047241
Glu,Lys,Unknown,-1.075,Neutral,13,0,0,0,0.712741851806641
Pro,Thr,Unknown,-0.793,Neutral,14,0,1,0,0.724586844444275
Asp,Glu,Unknown,0.425,Neutral,15,0,1,0,0.724586844444275
Glu,Asp,Unknown,-1.186,Neutral,18,0,1,0,0.724586844444275
Phe,Leu,Unknown,-3.438,Deleterious,19,0,1,0,0.16627012193203
Gly,Asp,Unknown,-3.867,Deleterious,24,0,1,0,0.643974661827087
Gly,Arg,Unknown,1.005,Neutral,25,0,1,0,0.463187545537949
Gly,Asp,Unknown,-0.3,Neutral,25,0,1,0,0.643974661827087
Tyr,Cys,Unknown,-2.79,Deleterious,26,0,1,1,0.329053729772568
Tyr,Cys,Unknown,-2.79,Deleterious,26,0,1,1,0.329053729772568
Phe,Ser,Unknown,-4.329,Deleterious,27,0,1,1,0.442452192306519
Glu,Ala,Unknown,-2.405,Neutral,28,0,1,0,0.413555771112442
Ser,Tyr,Unknown,-2.388,Neutral,29,0,1,0,0.64464682340622
Ser,Tyr,Unknown,-2.388,Neutral,29,0,1,0,0.64464682340622
Arg,Lys,Unknown,0.319,Neutral,30,0,1,1,0.748423159122467
Leu,Ser,Unknown,-2.671,Deleterious,32,1,0,1,0.693762362003326
Leu,Trp,Unknown,-3.26,Deleterious,32,1,0,1,0.344995498657227
Arg,Trp,Unknown,-5.162,Deleterious,34,1,0,0,0.788677632808685
Ala,Val,INFERRED,-2.348,Neutral,36,1,0,0,0.34857976436615
Gly,Ser,Unknown,-5.271,Deleterious,37,1,0,0,0.630200088024139
Arg,Leu,Unknown,-6.433,Deleterious,38,1,0,0,0.814321100711823
Gly,Ala,Unknown,-3.038,Deleterious,41,1,0,0,0.287493854761124
Gly,Cys,Unknown,-6.19,Deleterious,41,1,0,0,0.299851536750793
Leu,Arg,Unknown,-5.971,Deleterious,43,1,0,0,0.567086040973663
Asp,Tyr,Unknown,-6.152,Deleterious,47,1,0,0,0.566817224025726
Pro,His,Unknown,-6.957,Deleterious,48,1,0,0,0.812832117080689
Pro,Leu,Unknown,-8.086,Deleterious,48,1,0,0,0.660259246826172
Pro,Leu,Unknown,-8.086,Deleterious,48,1,0,0,0.660259246826172
Glu,Asp,Unknown,-0.452,Neutral,49,1,0,0,0.825214385986328
Arg,Gln,Unknown,1.386,Neutral,50,1,0,0,0.870047271251678
Glu,Gln,Unknown,-0.152,Neutral,54,1,0,0,0.803016424179077
Leu,Met,Unknown,-1.368,Neutral,56,1,0,0,0.394003123044968
Ala,Ser,Unknown,-1.459,Neutral,57,1,0,0,0.721228539943695
Ala,Gly,INFERRED,-2.925,Deleterious,59,1,0,0,0.379870474338531
Ala,Ser,INFERRED,-1.497,Neutral,59,1,0,0,0.721228539943695
Ala,Gly,Unknown,1.269,Neutral,61,1,0,0,0.379870474338531
Ala,Ser,Unknown,0.714,Neutral,61,1,0,0,0.721228539943695
Ala,Thr,Unknown,-0.681,Neutral,61,1,0,0,0.733048856258392
Ala,Val,Unknown,-2.231,Neutral,61,1,0,0,0.34857976436615
Ser,Arg,Unknown,2.09,Neutral,64,1,0,0,0.770375907421112
Thr,Ala,Unknown,-3.026,Deleterious,69,1,0,0,0.818843007087708
Thr,Ala,Unknown,-3.026,Deleterious,69,1,0,0,0.818843007087708
Asn,His,Unknown,-1.948,Neutral,70,1,0,0,0.884338617324829
Asn,Ile,Unknown,-2.114,Neutral,70,1,0,0,0.833568453788757
Ala,Val,Unknown,0.952,Neutral,71,1,0,0,0.34857976436615
Met,Ile,Unknown,-0.648,Neutral,73,1,0,0,0.362781435251236
Ile,Asn,Unknown,-1.566,Neutral,75,1,0,0,0.733048856258392
Ile,Thr,Unknown,0.621,Neutral,75,1,0,0,0.733048856258392
Ile,Val,Unknown,0.355,Neutral,75,1,0,0,0.34857976436615
Gln,Glu,Unknown,-0.702,Neutral,76,1,0,1,0.884338617324829
Gln,Lys,Unknown,-0.814,Neutral,76,1,0,1,0.868452548980713
Glu,Lys,Unknown,-1.981,Neutral,81,1,0,0,0.803016424179077
Leu,Ile,Unknown,0.443,Neutral,83,1,0,0,0.394003123044968
Leu,Phe,Unknown,-1.248,Neutral,83,1,0,0,0.376150190830231
Ala,Glu,Unknown,-0.805,Neutral,84,1,0,0,0.666309237480164
Ala,Ser,Unknown,0.014,Neutral,84,1,0,0,0.65293300151825
Ala,Val,Unknown,-1.69,Neutral,84,1,0,0,0.295587331056595
Gly,Glu,Unknown,-6.028,Deleterious,87,1,0,0,0.546360611915588
Thr,Ala,Unknown,-0.576,Neutral,91,1,0,0,0.753502547740936
Thr,Ile,Unknown,-1.648,Neutral,91,1,0,0,0.764401316642761
Thr,Pro,Unknown,-1.267,Neutral,91,1,0,0,0.783652186393738
Thr,Ala,Unknown,-0.576,Neutral,91,1,0,0,0.753502547740936
Thr,Ile,Unknown,-1.648,Neutral,91,1,0,0,0.764401316642761
Thr,Pro,Unknown,-1.267,Neutral,91,1,0,0,0.783652186393738
Tyr,Asn,Unknown,-5.529,Deleterious,92,1,0,0,0.502462446689606
Tyr,Cys,Unknown,-5.986,Deleterious,92,1,0,0,0.369150012731552
Tyr,Asn,Unknown,-5.529,Deleterious,92,1,0,0,0.502462446689606
Tyr,Cys,Unknown,-5.986,Deleterious,92,1,0,0,0.369150012731552
Arg,Gly,Unknown,-2.633,Deleterious,96,1,0,0,0.736451387405396
Arg,Trp,Unknown,-4.089,Deleterious,96,1,0,0,0.688481330871582
Pro,Leu,Unknown,-5.617,Deleterious,97,1,0,0,0.603803336620331
Pro,Leu,Unknown,-5.617,Deleterious,97,1,0,0,0.603803336620331
Ala,Asp,Unknown,-2.611,Deleterious,99,0,1,0,0.565157115459442
Phe,Leu,Unknown,-2.9,Deleterious,100,0,1,1,0.151535093784332
Ala,Ser,Unknown,0.167,Neutral,102,0,1,0,0.550461828708649
Gly,Ser,Unknown,1.217,Neutral,103,0,1,1,0.531556665897369
Arg,Cys,Unknown,-3.917,Deleterious,105,0,1,0,0.568572819232941
Arg,His,Unknown,-2.444,Neutral,105,0,1,0,0.630765736103058
Arg,Gly,Unknown,-3.311,Deleterious,105,0,1,0,0.553901791572571
Arg,Cys,Unknown,-4.3,Deleterious,107,0,1,1,0.568572819232941
Arg,Gly,Unknown,-3.289,Deleterious,107,0,1,1,0.553901791572571
Ile,Leu,Unknown,0.605,Neutral,108,0,1,0,0.266007483005524
Ile,Val,Unknown,-0.367,Neutral,108,0,1,0,0.229745969176292
Ala,Glu,Unknown,-1.156,Neutral,110,0,1,1,0.565157115459442
Ala,Ser,Unknown,0.099,Neutral,110,0,1,1,0.550461828708649
Ala,Val,Unknown,-0.39,Neutral,110,0,1,1,0.229745969176292
Met,Leu,Unknown,0.5,Neutral,111,0,1,1,0.266007483005524
Met,Thr,Unknown,-2.25,Neutral,111,0,1,1,0.565157115459442
Leu,Pro,Unknown,-3.344,Deleterious,114,0,1,1,0.550461828708649
Gln,Arg,Unknown,0.933,Neutral,115,0,1,0,0.449010103940964
Gln,Lys,Unknown,0.15,Neutral,115,0,1,0,0.595963716506958
Asp,Ala,Unknown,-1.152,Neutral,116,0,1,0,0.387080460786819
Asp,Val,Unknown,-3.4,Deleterious,119,0,1,0,0.387080460786819
Val,Met,Unknown,0.769,Neutral,120,0,1,0,0.163442194461823
Val,Met,Unknown,0.769,Neutral,120,0,1,0,0.163442194461823
Leu,Arg,Unknown,-3.522,Deleterious,125,0,1,0,0.382711380720139
Gly,Asp,Unknown,-0.387,Neutral,126,0,1,0,0.546360611915588
Asp,Ala,Unknown,-3.346,Deleterious,127,0,1,0,0.387080460786819
Asp,Val,Unknown,-3.842,Deleterious,127,0,1,0,0.387080460786819
Ala,Pro,Unknown,0.733,Neutral,128,0,1,0,0.550461828708649
Ala,Ser,Unknown,0.367,Neutral,128,0,1,0,0.550461828708649
Pro,Gln,Unknown,-0.567,Neutral,129,0,1,0,0.617059230804443
Pro,Ser,Unknown,-0.117,Neutral,129,0,1,0,0.62270987033844
Pro,Thr,Unknown,-0.25,Neutral,129,0,1,0,0.636602580547333
Pro,Arg,Unknown,-2.267,Neutral,130,0,1,0,0.4346042573452
Pro,Gln,Unknown,-1.833,Neutral,130,0,1,0,0.617059230804443
Gln,Arg,Unknown,-1.142,Neutral,131,0,1,0,0.449010103940964
Gln,His,Unknown,-1.305,Neutral,131,0,1,0,0.630765736103058
Gln,Pro,Unknown,-1.238,Neutral,131,0,1,0,0.616784274578095
Ser,Arg,Unknown,0.963,Neutral,133,0,1,0,0.428436040878296
Ser,Arg,Unknown,0.963,Neutral,133,0,1,0,0.428436040878296
Arg,Gln,Unknown,0.067,Neutral,134,0,1,0,0.630765736103058
Arg,Gly,Unknown,-3.119,Deleterious,137,0,1,0,0.553901791572571
Arg,Leu,Unknown,-2.779,Deleterious,137,0,1,0,0.568572819232941
Arg,Pro,Unknown,-3.325,Deleterious,137,0,1,0,0.616784274578095
Arg,Leu,Unknown,-3.967,Deleterious,140,0,1,0,0.568572819232941
Arg,Trp,Unknown,-4.7,Deleterious,140,0,1,0,0.495468109846115
Asp,His,Unknown,-4.533,Deleterious,141,0,1,0,0.602003514766693
Asn,His,Unknown,-0.729,Neutral,148,0,1,0,0.630765736103058
Asn,Lys,Unknown,0.46,Neutral,148,0,1,0,0.595963716506958
Asn,Tyr,Unknown,-1.698,Neutral,148,0,1,0,0.495468109846115
Val,Ile,Unknown,-0.739,Neutral,149,0,1,0,0.163442194461823
Val,Ile,Unknown,-0.739,Neutral,149,0,1,0,0.163442194461823
Asp,Glu,Unknown,0.679,Neutral,152,0,1,0,0.636602580547333
Asp,Val,Unknown,-0.861,Neutral,152,0,1,0,0.387080460786819
Leu,Arg,INFERRED,-3.111,Deleterious,154,0,1,0,0.382711380720139
Gly,Trp,Unknown,0.367,Neutral,155,0,1,0,0.213877201080322
Arg,Leu,Unknown,-4.128,Deleterious,156,0,1,0,0.568572819232941
Arg,Leu,Unknown,-2.57,Deleterious,160,0,1,0,0.568572819232941
Thr,Ile,Unknown,-1.712,Neutral,161,0,1,0,0.590445160865784
Thr,Pro,Unknown,-0.832,Neutral,161,0,1,0,0.616784274578095
Thr,Ile,Unknown,-1.712,Neutral,161,0,1,0,0.590445160865784
Thr,Pro,Unknown,-0.832,Neutral,161,0,1,0,0.616784274578095
Gly,Glu,Unknown,0.604,Neutral,162,0,1,0,0.546360611915588
