WT,Variant,Drug Resistance,PROVEAN score,effect,position,dna_binding,dimerisation,ligand_binding,predicted_probability_of_resistance
Asn,Thr,Unknown,-0.455,Neutral,4,0,0,0,0.99181026
Gly,Val,Unknown,-0.257,Neutral,6,0,0,0,0.35624912
Val,Gly,Unknown,-0.833,Neutral,7,0,0,0,0.2826681
Val,Gly,Unknown,-0.833,Neutral,7,0,0,0,0.2826681
Asp,Glu,Unknown,-0.314,Neutral,8,0,0,0,0.854632
Asp,Tyr,Unknown,-1.2570000000000001,Neutral,8,0,0,0,0.547312
Gln,Lys,Unknown,-0.2,Neutral,9,0,0,0,0.9704015
Met,Ile,Unknown,-0.643,Neutral,10,0,0,0,0.10397841
Gly,Ser,Unknown,0.795,Neutral,11,0,0,0,0.7403428
Glu,Ala,Unknown,-1.26,Neutral,13,0,0,0,0.2780631
Glu,Lys,Unknown,-1.075,Neutral,13,0,0,0,0.7769836
Pro,Thr,Unknown,-0.7929999999999999,Neutral,14,0,1,0,0.9665436
Asp,Glu,Unknown,0.425,Neutral,15,0,1,0,0.82615155
Glu,Asp,Unknown,-1.186,Neutral,18,0,1,0,0.6274705
Phe,Leu,Unknown,-3.438,Deleterious,19,0,1,0,0.06649286
Gly,Asp,Unknown,-3.867,Deleterious,24,0,1,0,0.7178722
Gly,Arg,Unknown,1.005,Neutral,25,0,1,0,0.5236443
Gly,Asp,Unknown,-0.3,Neutral,25,0,1,0,0.7178722
Tyr,Cys,Unknown,-2.79,Deleterious,26,0,1,1,0.60718
Tyr,Cys,Unknown,-2.79,Deleterious,26,0,1,1,0.60718
Phe,Ser,Unknown,-4.329,Deleterious,27,0,1,1,0.5661013
Glu,Ala,Unknown,-2.405,Neutral,28,0,1,0,0.23741604
Ser,Tyr,Unknown,-2.388,Neutral,29,0,1,0,0.93991923
Ser,Tyr,Unknown,-2.388,Neutral,29,0,1,0,0.93991923
Arg,Lys,Unknown,0.319,Neutral,30,0,1,1,0.96408683
Leu,Ser,Unknown,-2.6710000000000003,Deleterious,32,1,0,1,0.86097413
Leu,Trp,Unknown,-3.26,Deleterious,32,1,0,1,0.4238851
Arg,Trp,Unknown,-5.162000000000001,Deleterious,34,1,0,0,0.85136783
Ala,Val,INFERRED,-2.3480000000000003,Neutral,36,1,0,0,0.8317478
Gly,Ser,Unknown,-5.271,Deleterious,37,1,0,0,0.7403428
Arg,Leu,Unknown,-6.433,Deleterious,38,1,0,0,0.8608242
Gly,Ala,Unknown,-3.0380000000000003,Deleterious,41,1,0,0,0.37046608
Gly,Cys,Unknown,-6.19,Deleterious,41,1,0,0,0.61483854
Leu,Arg,Unknown,-5.971,Deleterious,43,1,0,0,0.65344155
Asp,Tyr,Unknown,-6.152,Deleterious,47,1,0,0,0.547312
Pro,His,Unknown,-6.957000000000001,Deleterious,48,1,0,0,0.85164
Pro,Leu,Unknown,-8.086,Deleterious,48,1,0,0,0.81550235
Pro,Leu,Unknown,-8.086,Deleterious,48,1,0,0,0.81550235
Glu,Asp,Unknown,-0.452,Neutral,49,1,0,0,0.6757239
Arg,Gln,Unknown,1.386,Neutral,50,1,0,0,0.96282613
Glu,Gln,Unknown,-0.152,Neutral,54,1,0,0,0.6149664
Leu,Met,Unknown,-1.368,Neutral,56,1,0,0,0.6701701
Ala,Ser,Unknown,-1.459,Neutral,57,1,0,0,0.94283676
Ala,Gly,INFERRED,-2.925,Deleterious,59,1,0,0,0.5988748
Ala,Ser,INFERRED,-1.4969999999999999,Neutral,59,1,0,0,0.94283676
Ala,Gly,Unknown,1.2690000000000001,Neutral,61,1,0,0,0.5988748
Ala,Ser,Unknown,0.7140000000000001,Neutral,61,1,0,0,0.94283676
Ala,Thr,Unknown,-0.6809999999999999,Neutral,61,1,0,0,0.9591874
Ala,Val,Unknown,-2.231,Neutral,61,1,0,0,0.7957371
Ser,Arg,Unknown,2.09,Neutral,64,1,0,0,0.8844991
Thr,Ala,Unknown,-3.0260000000000002,Deleterious,69,1,0,0,0.95814925
Thr,Ala,Unknown,-3.0260000000000002,Deleterious,69,1,0,0,0.95814925
Asn,His,Unknown,-1.9480000000000002,Neutral,70,1,0,0,0.923393
Asn,Ile,Unknown,-2.114,Neutral,70,1,0,0,0.9315226
Ala,Val,Unknown,0.9520000000000001,Neutral,71,1,0,0,0.64795583
Met,Ile,Unknown,-0.648,Neutral,73,1,0,0,0.0998206
Ile,Asn,Unknown,-1.5659999999999998,Neutral,75,1,0,0,0.7530742
Ile,Thr,Unknown,0.621,Neutral,75,1,0,0,0.84533566
Ile,Val,Unknown,0.355,Neutral,75,1,0,0,0.41179842
Gln,Glu,Unknown,-0.7020000000000001,Neutral,76,1,0,1,0.93625855
Gln,Lys,Unknown,-0.8140000000000001,Neutral,76,1,0,1,0.9367208
Glu,Lys,Unknown,-1.9809999999999999,Neutral,81,1,0,0,0.7148532
Leu,Ile,Unknown,0.44299999999999995,Neutral,83,1,0,0,0.23339333
Leu,Phe,Unknown,-1.248,Neutral,83,1,0,0,0.38841757
Ala,Glu,Unknown,-0.805,Neutral,84,1,0,0,0.77853596
Ala,Ser,Unknown,0.013999999999999999,Neutral,84,1,0,0,0.7684421
Ala,Val,Unknown,-1.69,Neutral,84,1,0,0,0.43940294
Gly,Glu,Unknown,-6.028,Deleterious,87,1,0,0,0.27939662
Thr,Ala,Unknown,-0.5760000000000001,Neutral,91,1,0,0,0.8372266
Thr,Ile,Unknown,-1.6480000000000001,Neutral,91,1,0,0,0.6045864
Thr,Pro,Unknown,-1.2670000000000001,Neutral,91,1,0,0,0.9536239
Thr,Ala,Unknown,-0.5760000000000001,Neutral,91,1,0,0,0.8372266
Thr,Ile,Unknown,-1.6480000000000001,Neutral,91,1,0,0,0.6045864
Thr,Pro,Unknown,-1.2670000000000001,Neutral,91,1,0,0,0.9536239
Tyr,Asn,Unknown,-5.529,Deleterious,92,1,0,0,0.3943329
Tyr,Cys,Unknown,-5.986000000000001,Deleterious,92,1,0,0,0.3653472
Tyr,Asn,Unknown,-5.529,Deleterious,92,1,0,0,0.3943329
Tyr,Cys,Unknown,-5.986000000000001,Deleterious,92,1,0,0,0.3653472
Arg,Gly,Unknown,-2.633,Deleterious,96,1,0,0,0.7560653
Pro,Leu,Unknown,-5.617000000000001,Deleterious,97,1,0,0,0.28700426
Pro,Leu,Unknown,-5.617000000000001,Deleterious,97,1,0,0,0.28700426
Ala,Asp,Unknown,-2.611,Deleterious,99,0,1,0,0.64763874
Phe,Leu,Unknown,-2.9,Deleterious,100,0,1,1,0.018815415
Ala,Ser,Unknown,0.16699999999999998,Neutral,102,0,1,0,0.6237409
Gly,Ser,Unknown,1.217,Neutral,103,0,1,1,0.2650994
Arg,Cys,Unknown,-3.917,Deleterious,105,0,1,0,0.8415831
Arg,His,Unknown,-2.444,Neutral,105,0,1,0,0.3012595
Arg,Gly,Unknown,-3.3110000000000004,Deleterious,105,0,1,0,0.5899852
Arg,Cys,Unknown,-4.3,Deleterious,107,0,1,1,0.86810184
Arg,Gly,Unknown,-3.2889999999999997,Deleterious,107,0,1,1,0.64063686
Ile,Leu,Unknown,0.605,Neutral,108,0,1,0,0.10146022
Ile,Val,Unknown,-0.36700000000000005,Neutral,108,0,1,0,0.19787514
Ala,Glu,Unknown,-1.156,Neutral,110,0,1,1,0.6850983
Ala,Ser,Unknown,0.099,Neutral,110,0,1,1,0.672537
Ala,Val,Unknown,-0.39,Neutral,110,0,1,1,0.32663617
Met,Leu,Unknown,0.5,Neutral,111,0,1,1,0.02832093
Met,Thr,Unknown,-2.25,Neutral,111,0,1,1,0.5162241
Leu,Pro,Unknown,-3.344,Deleterious,114,0,1,1,0.76208264
Gln,Arg,Unknown,0.9329999999999999,Neutral,115,0,1,0,0.46667057
Gln,Lys,Unknown,0.15,Neutral,115,0,1,0,0.84716636
Asp,Ala,Unknown,-1.1520000000000001,Neutral,116,0,1,0,0.17896654
Asp,Val,Unknown,-3.4,Deleterious,119,0,1,0,0.6997145
Val,Met,Unknown,0.769,Neutral,120,0,1,0,0.3067691
Val,Met,Unknown,0.769,Neutral,120,0,1,0,0.3067691
Leu,Arg,Unknown,-3.522,Deleterious,125,0,1,0,0.76617837
Gly,Asp,Unknown,-0.387,Neutral,126,0,1,0,0.74030906
Asp,Ala,Unknown,-3.346,Deleterious,127,0,1,0,0.66796046
Asp,Val,Unknown,-3.842,Deleterious,127,0,1,0,0.6997145
Ala,Pro,Unknown,0.733,Neutral,128,0,1,0,0.9830877
Ala,Ser,Unknown,0.36700000000000005,Neutral,128,0,1,0,0.9498851
Pro,Gln,Unknown,-0.5670000000000001,Neutral,129,0,1,0,0.7206038
Pro,Ser,Unknown,-0.11699999999999999,Neutral,129,0,1,0,0.82244897
Pro,Thr,Unknown,-0.25,Neutral,129,0,1,0,0.84236985
Pro,Arg,Unknown,-2.267,Neutral,130,0,1,0,0.40050647
Pro,Gln,Unknown,-1.8330000000000002,Neutral,130,0,1,0,0.7206038
Gln,Arg,Unknown,-1.1420000000000001,Neutral,131,0,1,0,0.658318
Gln,His,Unknown,-1.305,Neutral,131,0,1,0,0.62351424
Gln,Pro,Unknown,-1.238,Neutral,131,0,1,0,0.9839118
Ser,Arg,Unknown,0.963,Neutral,133,0,1,0,0.34432667
Ser,Arg,Unknown,0.963,Neutral,133,0,1,0,0.34432667
Arg,Gln,Unknown,0.067,Neutral,134,0,1,0,0.931147
Arg,Gly,Unknown,-3.1189999999999998,Deleterious,137,0,1,0,0.79696834
Arg,Leu,Unknown,-2.779,Deleterious,137,0,1,0,0.7635658
Arg,Pro,Unknown,-3.325,Deleterious,137,0,1,0,0.97704166
Arg,Leu,Unknown,-3.967,Deleterious,140,0,1,0,0.7635658
Arg,Trp,Unknown,-4.7,Deleterious,140,0,1,0,0.49613073
Asp,His,Unknown,-4.533,Deleterious,141,0,1,0,0.41195402
Asn,His,Unknown,-0.7290000000000001,Neutral,148,0,1,0,0.80349004
Asn,Lys,Unknown,0.46,Neutral,148,0,1,0,0.9615191
Asn,Tyr,Unknown,-1.6980000000000002,Neutral,148,0,1,0,0.8243716
Val,Ile,Unknown,-0.7390000000000001,Neutral,149,0,1,0,0.06531633
Val,Ile,Unknown,-0.7390000000000001,Neutral,149,0,1,0,0.06531633
Asp,Glu,Unknown,0.679,Neutral,152,0,1,0,0.828961
Asp,Val,Unknown,-0.861,Neutral,152,0,1,0,0.53757954
Leu,Arg,INFERRED,-3.111,Deleterious,154,0,1,0,0.6204644
Gly,Trp,Unknown,0.36700000000000005,Neutral,155,0,1,0,0.123260505
Arg,Leu,Unknown,-4.128,Deleterious,156,0,1,0,0.7635658
Arg,Leu,Unknown,-2.57,Deleterious,160,0,1,0,0.7635658
Thr,Ile,Unknown,-1.712,Neutral,161,0,1,0,0.49072224
Thr,Pro,Unknown,-0.8320000000000001,Neutral,161,0,1,0,0.9283594
Thr,Ile,Unknown,-1.712,Neutral,161,0,1,0,0.49072224
Thr,Pro,Unknown,-0.8320000000000001,Neutral,161,0,1,0,0.9283594
Gly,Glu,Unknown,0.604,Neutral,162,0,1,0,0.6383111
