WT,Variant,Drug Resistance,PROVEAN score,effect,position,Predicted probability of resistance
Asn,Thr,Unknown,-0.455,Neutral,4,0.870846211910248
Gly,Val,Unknown,-0.257,Neutral,6,0.276121377944946
Val,Gly,Unknown,-0.833,Neutral,7,0.150548487901688
Val,Gly,Unknown,-0.833,Neutral,7,0.150548487901688
Asp,Glu,Unknown,-0.314,Neutral,8,0.807600438594818
Asp,Tyr,Unknown,-1.257,Neutral,8,0.429983347654343
Gln,Lys,Unknown,-0.2,Neutral,9,0.846498072147369
Met,Ile,Unknown,-0.643,Neutral,10,0.273906946182251
Gly,Ser,Unknown,0.795,Neutral,11,0.655632138252258
Glu,Ala,Unknown,-1.26,Neutral,13,0.376067817211151
Glu,Lys,Unknown,-1.075,Neutral,13,0.774417757987976
Pro,Thr,Unknown,-0.793,Neutral,14,0.708566009998322
Asp,Glu,Unknown,0.425,Neutral,15,0.793256044387817
Glu,Asp,Unknown,-1.186,Neutral,18,0.75465202331543
Phe,Leu,Unknown,-3.438,Deleterious,19,0.133625060319901
Gly,Asp,Unknown,-3.867,Deleterious,24,0.629451036453247
Gly,Arg,Unknown,1.005,Neutral,25,0.429046899080277
Gly,Asp,Unknown,-0.3,Neutral,25,0.629451036453247
Tyr,Cys,Unknown,-2.79,Deleterious,26,0.263211071491241
Tyr,Cys,Unknown,-2.79,Deleterious,26,0.263211071491241
Phe,Ser,Unknown,-4.329,Deleterious,27,0.436763823032379
Glu,Ala,Unknown,-2.405,Neutral,28,0.44915097951889
Ser,Tyr,Unknown,-2.388,Neutral,29,0.651901662349701
Ser,Tyr,Unknown,-2.388,Neutral,29,0.651901662349701
Arg,Lys,Unknown,0.319,Neutral,30,0.814912557601929
Leu,Ser,Unknown,-2.671,Deleterious,32,0.712625563144684
Leu,Trp,Unknown,-3.26,Deleterious,32,0.383398205041885
Arg,Trp,Unknown,-5.162,Deleterious,34,0.854635298252106
Ala,Val,INFERRED,-2.348,Neutral,36,0.393274277448654
Gly,Ser,Unknown,-5.271,Deleterious,37,0.700163662433624
Arg,Leu,Unknown,-6.433,Deleterious,38,0.85118979215622
Gly,Ala,Unknown,-3.038,Deleterious,41,0.318734139204025
Gly,Cys,Unknown,-6.19,Deleterious,41,0.362921088933945
Leu,Arg,Unknown,-5.971,Deleterious,43,0.536557197570801
Asp,Tyr,Unknown,-6.152,Deleterious,47,0.612015426158905
Pro,His,Unknown,-6.957,Deleterious,48,0.876749455928803
Pro,Leu,Unknown,-8.086,Deleterious,48,0.709987938404083
Pro,Leu,Unknown,-8.086,Deleterious,48,0.709987938404083
Glu,Asp,Unknown,-0.452,Neutral,49,0.875568509101868
Arg,Gln,Unknown,1.386,Neutral,50,0.915308058261871
Glu,Gln,Unknown,-0.152,Neutral,54,0.87773323059082
Leu,Met,Unknown,-1.368,Neutral,56,0.441104054450989
Ala,Ser,Unknown,-1.459,Neutral,57,0.763885796070099
Ala,Gly,INFERRED,-2.925,Deleterious,59,0.393274277448654
Ala,Ser,INFERRED,-1.497,Neutral,59,0.763885796070099
Ala,Gly,Unknown,1.269,Neutral,61,0.393274277448654
Ala,Ser,Unknown,0.714,Neutral,61,0.763885796070099
Ala,Thr,Unknown,-0.681,Neutral,61,0.797540009021759
Ala,Val,Unknown,-2.231,Neutral,61,0.393274277448654
Ser,Arg,Unknown,2.09,Neutral,64,0.770559012889862
Thr,Ala,Unknown,-3.026,Deleterious,69,0.824491083621979
Thr,Ala,Unknown,-3.026,Deleterious,69,0.824491083621979
Asn,His,Unknown,-1.948,Neutral,70,0.933774709701538
Asn,Ile,Unknown,-2.114,Neutral,70,0.881832242012024
Ala,Val,Unknown,0.952,Neutral,71,0.393274277448654
Met,Ile,Unknown,-0.648,Neutral,73,0.376926273107529
Ile,Asn,Unknown,-1.566,Neutral,75,0.759493350982666
Ile,Thr,Unknown,0.621,Neutral,75,0.797540009021759
Ile,Val,Unknown,0.355,Neutral,75,0.393274277448654
Gln,Glu,Unknown,-0.702,Neutral,76,0.928887963294983
Gln,Lys,Unknown,-0.814,Neutral,76,0.914406418800354
Glu,Lys,Unknown,-1.981,Neutral,81,0.83997243642807
Leu,Ile,Unknown,0.443,Neutral,83,0.422352373600006
Leu,Phe,Unknown,-1.248,Neutral,83,0.306475222110748
Ala,Glu,Unknown,-0.805,Neutral,84,0.671686947345734
Ala,Ser,Unknown,0.014,Neutral,84,0.626899361610413
Ala,Val,Unknown,-1.69,Neutral,84,0.251856565475464
Gly,Glu,Unknown,-6.028,Deleterious,87,0.596234381198883
Thr,Ala,Unknown,-0.576,Neutral,91,0.728474915027618
Thr,Ile,Unknown,-1.648,Neutral,91,0.714782536029816
Thr,Pro,Unknown,-1.267,Neutral,91,0.804234325885773
Thr,Ala,Unknown,-0.576,Neutral,91,0.728474915027618
Thr,Ile,Unknown,-1.648,Neutral,91,0.714782536029816
Thr,Pro,Unknown,-1.267,Neutral,91,0.804234325885773
Tyr,Asn,Unknown,-5.529,Deleterious,92,0.566037893295288
Tyr,Cys,Unknown,-5.986,Deleterious,92,0.432888031005859
Tyr,Asn,Unknown,-5.529,Deleterious,92,0.566037893295288
Tyr,Cys,Unknown,-5.986,Deleterious,92,0.432888031005859
Arg,Gly,Unknown,-2.633,Deleterious,96,0.728474915027618
Arg,Trp,Unknown,-4.089,Deleterious,96,0.663796663284302
Pro,Leu,Unknown,-5.617,Deleterious,97,0.50087171792984
Pro,Leu,Unknown,-5.617,Deleterious,97,0.50087171792984
Ala,Asp,Unknown,-2.611,Deleterious,99,0.534152805805206
Phe,Leu,Unknown,-2.9,Deleterious,100,0.143162846565247
Ala,Ser,Unknown,0.167,Neutral,102,0.540169060230255
Gly,Ser,Unknown,1.217,Neutral,103,0.525748193264008
Arg,Cys,Unknown,-3.917,Deleterious,105,0.570967197418213
Arg,His,Unknown,-2.444,Neutral,105,0.715464532375336
Arg,Gly,Unknown,-3.311,Deleterious,105,0.522213160991669
Arg,Cys,Unknown,-4.3,Deleterious,107,0.570967197418213
Arg,Gly,Unknown,-3.289,Deleterious,107,0.522213160991669
Ile,Leu,Unknown,0.605,Neutral,108,0.271959602832794
Ile,Val,Unknown,-0.367,Neutral,108,0.23476642370224
Ala,Glu,Unknown,-1.156,Neutral,110,0.588534474372864
Ala,Ser,Unknown,0.099,Neutral,110,0.540169060230255
Ala,Val,Unknown,-0.39,Neutral,110,0.190517753362656
Met,Leu,Unknown,0.5,Neutral,111,0.271959602832794
Met,Thr,Unknown,-2.25,Neutral,111,0.65089362859726
Leu,Pro,Unknown,-3.344,Deleterious,114,0.604937791824341
Gln,Arg,Unknown,0.933,Neutral,115,0.40620544552803
Gln,Lys,Unknown,0.15,Neutral,115,0.712758302688599
Asp,Ala,Unknown,-1.152,Neutral,116,0.362403392791748
Asp,Val,Unknown,-3.4,Deleterious,119,0.362403392791748
Val,Met,Unknown,0.769,Neutral,120,0.113616153597832
Val,Met,Unknown,0.769,Neutral,120,0.113616153597832
Leu,Arg,Unknown,-3.522,Deleterious,125,0.336533904075623
Gly,Asp,Unknown,-0.387,Neutral,126,0.519711077213287
Asp,Ala,Unknown,-3.346,Deleterious,127,0.362403392791748
Asp,Val,Unknown,-3.842,Deleterious,127,0.362403392791748
Ala,Pro,Unknown,0.733,Neutral,128,0.540169060230255
Ala,Ser,Unknown,0.367,Neutral,128,0.540169060230255
Pro,Gln,Unknown,-0.567,Neutral,129,0.550026893615723
Pro,Ser,Unknown,-0.117,Neutral,129,0.566835463047028
Pro,Thr,Unknown,-0.25,Neutral,129,0.61439836025238
Pro,Arg,Unknown,-2.267,Neutral,130,0.302396923303604
Pro,Gln,Unknown,-1.833,Neutral,130,0.550026893615723
Gln,Arg,Unknown,-1.142,Neutral,131,0.40620544552803
Gln,His,Unknown,-1.305,Neutral,131,0.658589541912079
Gln,Pro,Unknown,-1.238,Neutral,131,0.673748254776001
Ser,Arg,Unknown,0.963,Neutral,133,0.302396923303604
Ser,Arg,Unknown,0.963,Neutral,133,0.302396923303604
Arg,Gln,Unknown,0.067,Neutral,134,0.715464532375336
Arg,Gly,Unknown,-3.119,Deleterious,137,0.522213160991669
Arg,Leu,Unknown,-2.779,Deleterious,137,0.570967197418213
Arg,Pro,Unknown,-3.325,Deleterious,137,0.673748254776001
Arg,Leu,Unknown,-3.967,Deleterious,140,0.570967197418213
Arg,Trp,Unknown,-4.7,Deleterious,140,0.445782095193863
Asp,His,Unknown,-4.533,Deleterious,141,0.655602693557739
Asn,His,Unknown,-0.729,Neutral,148,0.658589541912079
Asn,Lys,Unknown,0.46,Neutral,148,0.655602693557739
Asn,Tyr,Unknown,-1.698,Neutral,148,0.445782095193863
Val,Ile,Unknown,-0.739,Neutral,149,0.113616153597832
Val,Ile,Unknown,-0.739,Neutral,149,0.113616153597832
Asp,Glu,Unknown,0.679,Neutral,152,0.658589541912079
Asp,Val,Unknown,-0.861,Neutral,152,0.362403392791748
Leu,Arg,INFERRED,-3.111,Deleterious,154,0.336533904075623
Gly,Trp,Unknown,0.367,Neutral,155,0.175640389323235
Arg,Leu,Unknown,-4.128,Deleterious,156,0.570967197418213
Arg,Leu,Unknown,-2.57,Deleterious,160,0.570967197418213
Thr,Ile,Unknown,-1.712,Neutral,161,0.44391342997551
Thr,Pro,Unknown,-0.832,Neutral,161,0.566835463047028
Thr,Ile,Unknown,-1.712,Neutral,161,0.44391342997551
Thr,Pro,Unknown,-0.832,Neutral,161,0.566835463047028
Gly,Glu,Unknown,0.604,Neutral,162,0.574435472488403
