Sample ID,Classification,Mutations,Lineage
01_P00271,Resistant,"Arg109Leu,Arg156fs",L4
01_P00273,Resistant,"Arg109Leu,Arg156fs",L4
01_P00274,Resistant,"Arg109Leu,Arg156fs",L4
03_P00056,Intermediate,Phe93Ser,L4
03_P0005B,Intermediate,Phe93Ser,L4
04_P00276,Resistant,"Arg109Leu,Arg156fs",L4
04_P0121B,Susceptible,Phe93Leu,L4
05_P00824,Resistant,Asp47fs,L2
06_L00103,Unknown,Arg96Gly,L4
06_P0027B,Resistant,"Arg109Leu,Arg156fs",L4
06_P00826,Resistant,"Cys46fs,Asp47fs",L2
06_P01014,Resistant,Cys46fs,L2
07_L00102,Unknown,Arg96Gly,L4
08_P01501,Resistant,Glu49fs,L4
08_P0150B,Resistant,Glu49fs,L4
09_P00051,Intermediate,Phe93Ser,L4
12_H0147B,Susceptible,Ala118Thr,L4
12_P3010B,Hypersusceptible,C-11A,L2
13_F8064B,Resistant,"Ile67fs,Leu136Arg",L2
14_P3016B,Intermediate,Val20Gly,L4
21_P35242,Resistant,"Gln22Pro,Asp47fs",L2
23_H0184B,Resistant,Ile67fs,L2
25_P35056,Resistant,Glu147fs,L4
ERR023260,Unknown,Glu28Ala,L4
ERR025414,Intermediate,Val20Ala,L4
ERR025417,Intermediate,Val20Ala,L4
ERR025418,Intermediate,Val20Ala,L4
ERR025419,Intermediate,Val20Ala,L4
ERR028625,Intermediate,Val20Ala,L4
ERR028626,Intermediate,Val20Ala,L4
ERR046938,Susceptible,Asp5Gly,L2
ERR046947,Susceptible,Asp5Gly,L2
ERR046949,Susceptible,Asp5Gly,L2
ERR046963,Susceptible,Asp5Gly,L2
ERR046966,Unknown,"Asp5Gly,Val7Gly",L2
ERR046967,Susceptible,Asp5Gly,L2
ERR067745,Unknown,Leu32Ser,L2
ERR1034871,Unknown,"Thr91Pro,Leu117Arg",L4
ERR1034884,Unknown,"Thr91Pro,Leu117Arg",L4
ERR1034908,Resistant,Ile67fs,L4
ERR1034914,Resistant,Arg90Cys,L2
ERR1035222,Resistant,Ile67fs,L4
ERR1035226,Resistant,Ile67fs,L4
ERR1035260,Resistant,Arg156fs,L4
ERR1035286,Unknown,Gly78Val,L4
ERR1035326,Unknown,Arg107Gly,L4
ERR1213894,Resistant,Arg90Cys,L4
ERR1465918,Unknown,"C-3A,Pro129Ser",L4
ERR1633881,Hypersusceptible,C-11A,L2
ERR1633944,Hypersusceptible,C-11A,L2
ERR1633956,Hypersusceptible,C-11A,L2
ERR1664638,Resistant,Ile67fs,L4
ERR1873398,Hypersusceptible,C-11A,L2
ERR1873403,Hypersusceptible,C-11A,L2
ERR1873412,Hypersusceptible,C-11A,L2
ERR1873413,Hypersusceptible,C-11A,L2
ERR1873415,Hypersusceptible,C-11A,L2
ERR1873431,Hypersusceptible,C-11A,L2
ERR1873445,Resistant,"C-11A,Ser68Asn",L2
ERR1873451,Hypersusceptible,C-11A,L2
ERR1873455,Hypersusceptible,C-11A,L2
ERR1873465,Hypersusceptible,C-11A,L2
ERR1873478,Hypersusceptible,C-11A,L2
ERR1873479,Hypersusceptible,C-11A,L2
ERR1873481,Hypersusceptible,C-11A,L2
ERR1873484,Hypersusceptible,C-11A,L2
ERR1873487,Hypersusceptible,C-11A,L2
ERR1873508,Hypersusceptible,C-11A,L2
ERR1873535,Hypersusceptible,C-11A,L2
ERR1873545,Hypersusceptible,C-11A,L2
ERR1873555,Hypersusceptible,C-11A,L2
ERR1873557,Hypersusceptible,C-11A,L2
ERR1873563,Hypersusceptible,C-11A,L2
ERR1873565,Hypersusceptible,C-11A,L2
ERR1988847,Resistant,Gly121Arg,L2
ERR228026,Unknown,Val120Met,L4
ERR228226,Susceptible,Asp5Gly,L2
ERR234688,Susceptible,Val85Gly,L2
ERR2652986,Unknown,Asp127Val,L4
ERR2653055,Unknown,Asn70Ile,L4
ERR2653063,Resistant,"Glu21Asp,Asn98Asp",L4
ERR2653122,Resistant,Tyr145*,L4
ERR2653134,Intermediate,Leu40Trp,L4
ERR2653148,Unknown,Gly24Asp,L4
ERR2653159,Resistant,Ser2Ile,L4
ERR2653186,Resistant,Gly121Val,L4
ERR330690,Unknown,Gly41Ala,L4
ERR502885,Resistant,"Ile67fs,Met146Thr",L2
ERR550661,Intermediate,Met139Thr,L4
ERR550741,Resistant,Met146Thr,L4
ERR550861,Resistant,Met146Thr,L4
ERR550969,Unknown,Gly41Ala,L4
ERR551014,Resistant,Met146Thr,L4
ERR551193,Unknown,Pro97Leu,L4
ERR551280,Resistant,Met146Thr,L4
ERR551536,Resistant,Met146Thr,L4
ERR551969,Resistant,Asn98Asp,L4
ERR552070,Resistant,Met146Thr,L4
ERR552124,Resistant,Met146Thr,L4
ERR552150,Resistant,Met146Thr,L4
ERR552193,Resistant,Met146Thr,L4
ERR552405,Resistant,Met146Thr,L4
ERR552484,Resistant,Met146Thr,L4
ERR552491,Resistant,Met146Thr,L4
ERR552496,Resistant,Met146Thr,L4
ERR552540,Resistant,Met146Thr,L4
ERR552572,Resistant,Gly121Arg,L4
ERR552612,Resistant,Met146Thr,L4
ERR552745,Resistant,Asn98Asp,L4
ERR552754,Resistant,Met146Thr,L4
ERR552764,Resistant,Met146Thr,L4
ERR553221,Resistant,Met146Thr,L4
ERR553230,Resistant,Met146Thr,L4
ERR553242,Resistant,Met146Thr,L4
ERR553357,Resistant,"Leu32fs,Ala59Val,Ala62Thr,Arg94Gln",L4
ERR751356,Resistant,Ile67fs,L4
ERR751411,Resistant,Ile67fs,L4
ERR751414,Resistant,Ile67fs,L4
ERR751447,Resistant,Ile67fs,L4
ERR751465,Resistant,Ile67fs,L4
ERR751478,Resistant,Ile67fs,L4
ERR751488,Resistant,Ile67fs,L4
ERR751521,Resistant,Ile67fs,L4
ERR751526,Resistant,Ile67fs,L4
ERR751531,Resistant,Ile67fs,L4
ERR751555,Resistant,Asn98Asp,L4
ERR751620,Resistant,Ile67fs,L4
ERR751743,Resistant,Ala112Thr,L2
ERR775321,Resistant,Ile67fs,L4
ERR775324,Resistant,Asn98Lys,L4
ERR775364,Resistant,Ile67fs,L4
ERR779883,Resistant,Ile67fs,L4
ERR779916,Resistant,Asn98Asp,L4
ERR779923,Resistant,Ile67fs,L4
ERR789234,Resistant,Val1Ala,L2
ERR789236,Resistant,Val1Ala,L2
ERR789237,Resistant,Val1Ala,L2
ERR789238,Resistant,Val1Ala,L2
ERR789239,Resistant,Val1Ala,L2
ERR894437,Susceptible,Val85Ile,L4
ERR894438,Susceptible,Val85Ile,L4
ERR894439,Susceptible,Val85Ile,L4
ERR978257,Resistant,Val1Ala,L2
ERR987732,Resistant,"Ala84Glu,Arg135Pro",L4
SRR067468,Resistant,Ala59Val,L2
SRR067484,Resistant,Ala59Val,L2
SRR067486,Resistant,Ala59Val,L2
SRR067488,Resistant,Ala59Val,L2
SRR067502,Resistant,Ala59Val,L2
SRR067534,Resistant,Ala59Val,L2
SRR070008,Susceptible,Glu55Asp,L2
SRR070032,Resistant,Ala59Val,L2
SRR1013576,Resistant,Leu117Arg,L4
SRR1013665,Resistant,Asn98fs,L2
SRR1048978,Resistant,Trp42*,L2
SRR1049685,Resistant,Asp141fs,L4
SRR1049970,Susceptible,Asp88Gly,L4
SRR1140932,Unknown,Tyr92Cys,L4
SRR1146374,Resistant,Ile67fs,L4
SRR1162997,Susceptible,Arg135Trp,L4
SRR1163320,Resistant,Ile67fs,L4
SRR1167167,Resistant,Gly121Arg,L2
SRR1172313,Susceptible,Arg135Trp,L4
SRR1173285,Resistant,Asp141fs,L4
SRR1173289,Resistant,Gly121Arg,L2
SRR1173814,Resistant,Gly121Arg,L2
SRR1173850,Resistant,Gly121Arg,L2
SRR1180407,Resistant,Val1fs,L4
SRR1183035,Resistant,Asp47_Pro48insHis,L4
SRR1184300,Resistant,Pro48fs,L4
SRR1184315,Resistant,Ile67fs,L4
SRR1184338,Unknown,Arg96Trp,L2
SRR1184367,Resistant,Val1fs,L4
SRR1368338,Resistant,"Ile67fs,Ala144fs",L2
SRR1368339,Resistant,"Cys46Arg,Ile67fs,Asp88fs,Ala144fs",L2
SRR1368340,Susceptible,Trp42Arg,L2
SRR2100580,Susceptible,Asp5Gly,L2
SRR2101128,Unknown,Gly41Ala,L4
SRR2101676,Resistant,Arg90Cys,L2
SRR2101766,Unknown,Ala84Val,L4
SRR3724807,Resistant,"G-14A,Arg50Trp,Ala86dup,Leu117Arg",L4
SRR3742660,Resistant,"Cys46Arg,Ile67fs,Asp88fs,Ala144fs",L2
SRR3742661,Resistant,"Ile67fs,Ala144fs",L2
SRR5065242,Unknown,C-78T,L4
SRR5067377,Resistant,Gln22Arg,L4
SRR5067418,Unknown,C-78T,L4
SRR5067602,Resistant,Gln22Arg,L4
SRR5073910,Resistant,Gly25Asp,L4
SRR671771,Unknown,Glu18Asp,L2
SRR671784,Unknown,Asp141His,L2
SRR671795,Unknown,Ala84Val,L2
SRR671805,Intermediate,Ser53Leu,L2
SRR671839,Intermediate,Val20Ala,L2
06_P00825,Resistant,"Cys46fs,Asp47fs",L2
08_P01502,Resistant,Glu49fs,L4
14_P02006,Resistant,Asp47fs,L2
ERR1034847,Resistant,Ile67fs,L4
ERR1035215,Resistant,Ile67fs,L4
ERR1664639,Resistant,Ile67fs,L4
ERR181858,Resistant,Tyr92fs,L4
ERR1873460,Resistant,Arg72fs,L2
ERR751452,Resistant,Ile67fs,L4
ERR751540,Resistant,Ile67fs,L4
ERR751552,Resistant,Asp47fs,L2
ERR775307,Resistant,Ile67fs,L4
ERR775319,Resistant,Ile67fs,L4
SRR1013580,Resistant,Ile67fs,L2
SRR1019146,Resistant,Ile67fs,L2
SRR1049572,Resistant,Asp141fs,L4
SRR1140578,Resistant,Asp141fs,L4
SRR1163300,Resistant,Ile67fs,L4
SRR1184369,Resistant,Val1fs,L4
22_P3415B,Hypersusceptible,C-11A,L2
ERR1633964,Hypersusceptible,C-11A,L2
ERR1873394,Hypersusceptible,C-11A,L2
ERR1873399,Hypersusceptible,C-11A,L2
ERR1873414,Hypersusceptible,C-11A,L2
ERR1873416,Hypersusceptible,C-11A,L2
ERR1873438,Hypersusceptible,C-11A,L2
ERR1873442,Hypersusceptible,C-11A,L2
ERR1873450,Hypersusceptible,C-11A,L2
ERR1873458,Hypersusceptible,C-11A,L2
ERR1873464,Hypersusceptible,C-11A,L2
ERR1873469,Hypersusceptible,C-11A,L2
ERR1873471,Hypersusceptible,C-11A,L2
ERR1873482,Hypersusceptible,C-11A,L2
ERR1873488,Hypersusceptible,C-11A,L2
ERR1873491,Hypersusceptible,C-11A,L2
ERR1873499,Hypersusceptible,C-11A,L2
ERR1873527,Hypersusceptible,C-11A,L2
ERR1873537,Hypersusceptible,C-11A,L2
ERR1873543,Hypersusceptible,C-11A,L2
ERR1873558,Hypersusceptible,C-11A,L2
ERR1873559,Hypersusceptible,C-11A,L2
SRR6207277,Hypersusceptible,C-11A,L2
ERR2653131,Resistant,Pro48fs,L4
22_K00566,Resistant,Ile67fs,L2
ERR1034633,Resistant,Ile67fs,L4
ERR1034737,Resistant,Ile67fs,L4
ERR1034755,Resistant,Ile67fs,L4
ERR1034756,Resistant,Ile67fs,L4
ERR1034850,Resistant,Ile67fs,L4
ERR1034885,Resistant,Ile67fs,L4
ERR1873390,Hypersusceptible,C-11A,L2
ERR1873404,Hypersusceptible,C-11A,L2
ERR1873457,Hypersusceptible,C-11A,L2
ERR1873501,Hypersusceptible,C-11A,L2
ERR117459,Unknown,Leu32Ser,L2
ERR133970,Unknown,"Leu32Ser,Leu125Arg",L2
ERR144608,Susceptible,Val85Gly,L2
SRR1166087,Unknown,Arg105Gly,L2
SRR3082095,Unknown,Leu32Ser,L2
SRR3742659,Susceptible,Trp42Arg,L2
DRR034519,Hypersusceptible,C-11A,L2
ERR1815555,Resistant,Ile67fs,L4
ERR2229151,Resistant,Ile67fs,L4
ERR2307392,Resistant,"Asp47fs,Glu49fs",L2
ERR2307703,Susceptible,Asp88Gly,L2
ERR2510175,Resistant,Ile67fs,L4
ERR2510234,Resistant,Ile67fs,L4
ERR2510818,Resistant,Glu49fs,L4
ERR2513050,Resistant,Asp141fs,L4
ERR2513471,Susceptible,Asp5Gly,L2
ERR2513480,Unknown,Arg96Gly,L4
ERR2513888,Susceptible,Asp5Gly,L2
ERR2513986,Susceptible,Asp5Gly,L2
ERR2513993,Susceptible,Asp5Gly,L2
ERR2514014,Resistant,Asp141fs,L4
ERR2514025,Susceptible,Asp5Gly,L2
ERR2514774,Susceptible,Asp5Gly,L2
ERR2514794,Susceptible,Asp5Gly,L4
ERR2514826,Intermediate,Ser53Leu,L4
ERR2514987,Susceptible,Asp5Gly,L2
ERR2515054,Susceptible,Asp5Gly,L2
ERR2515112,Hypersusceptible,C-11A,L2
ERR2515121,Hypersusceptible,C-11A,L2
ERR2515209,Hypersusceptible,C-11A,L2
ERR2515250,Hypersusceptible,C-11A,L2
ERR2515283,Hypersusceptible,C-11A,L2
ERR2515301,Resistant,"Asp47fs,Gln51His,Ile67fs",L2
ERR2515304,Hypersusceptible,C-11A,L2
ERR2515322,Hypersusceptible,C-11A,L2
ERR2515337,Resistant,Cys46fs,L4
ERR2515376,Hypersusceptible,C-11A,L2
ERR2515458,Resistant,"C-11A,Gln51Pro,Ile67fs",L2
ERR2515488,Hypersusceptible,C-11A,L2
ERR2515523,Hypersusceptible,C-11A,L2
ERR2515541,Resistant,Glu49fs,L2
ERR2515576,Hypersusceptible,C-11A,L2
ERR2515591,Hypersusceptible,C-11A,L2
ERR2515606,Hypersusceptible,C-11A,L2
ERR2515650,Hypersusceptible,C-11A,L2
ERR2515660,Hypersusceptible,C-11A,L2
ERR2515708,Hypersusceptible,C-11A,L2
ERR2515835,Hypersusceptible,C-11A,L2
ERR2515910,Hypersusceptible,C-11A,L2
ERR2515920,Hypersusceptible,C-11A,L2
ERR2515949,Hypersusceptible,C-11A,L2
ERR2516014,Hypersusceptible,C-11A,L2
ERR2516024,Hypersusceptible,C-11A,L2
ERR2516029,Intermediate,Ser53Leu,L4
ERR2516049,Hypersusceptible,C-11A,L2
ERR2516240,Susceptible,Glu55Asp,L2
ERR2516364,Resistant,Glu49fs,L2
ERR2516414,Resistant,Ile67fs,L4
ERR2516458,Resistant,Ile67fs,L4
ERR2516472,Resistant,Ile67fs,L4
ERR2516503,Resistant,Ile67fs,L4
ERR2516509,Resistant,Ile67fs,L4
ERR2516521,Resistant,Ile67fs,L4
ERR2516541,Resistant,Ile67fs,L4
ERR2516548,Resistant,Ile67fs,L4
ERR2516597,Resistant,"Glu49fs,Ile108Thr",L4
ERR2516650,Resistant,Ile67fs,L4
ERR2516667,Resistant,Ile67fs,L4
ERR2516678,Resistant,Ile67fs,L4
ERR2516738,Resistant,Gly11fs,L4
ERR2516785,Hypersusceptible,C-11A,L2
ERR2516817,Hypersusceptible,C-11A,L2
ERR2516887,Hypersusceptible,C-11A,L2
ERR2517054,Hypersusceptible,C-11A,L2
ERR2517434,Hypersusceptible,C-11A,L2
ERR2677416,Resistant,Glu49fs,L4
ERR2677436,Resistant,"Val7fs,Val20Phe",L2
ERR2677440,Hypersusceptible,C-11A,L2
ERR2707155,Resistant,"Ile67fs,Glu104Gly,Met146fs",L4
ERR2864225,Resistant,Glu49fs,L4
ERR2864231,Hypersusceptible,C-11A,L2
ERR2864241,Resistant,Ile67fs,L4
ERR2864272,Hypersusceptible,C-11A,L2
ERR2984797,Resistant,Ile67fs,L4
SRR5065293,Susceptible,Met23Val,L2
SRR5065574,Susceptible,Met23Val,L2
SRR5073555,Resistant,Ile67fs,L2
SRR5073605,Susceptible,Met23Val,L2
SRR5073766,Hypersusceptible,C-11A,L2
SRR5535719,Resistant,Leu117Arg,L4
SRR5535786,Hypersusceptible,C-11A,L2
SRR5894881,Resistant,Leu117Arg,L2
SRR5894882,Intermediate,Ser53Leu,L2
SRR5894883,Resistant,Ser2Ile,L2
SRR5894884,Resistant,Met146Thr,L2
SRR6044883,Susceptible,Asp5Gly,L2
SRR6045174,Susceptible,Asp5Gly,L2
SRR6046818,Unknown,Arg96Gly,L4
SRR6152854,Resistant,Glu49fs,L4
SRR6153262,Hypersusceptible,C-11A,L2
SRR6339639,Susceptible,Glu55Asp,L2
SRR6339646,Resistant,Leu117Arg,L2
SRR6339647,Susceptible,Met23Val,L2
SRR6339652,Resistant,Arg96Gln,L4
SRR6339656,Hypersusceptible,C-11A,L2
SRR6339658,Susceptible,Asp5Gly,L2
SRR6397471,Resistant,"Val1Ala,Asp47fs,Arg137Pro",L2
SRR6397632,Hypersusceptible,C-11A,L2
SRR6398020,Hypersusceptible,C-11A,L2
SRR6480455,Unknown,Arg96Gly,L4
SRR6848321,Resistant,Asp47fs,L4
SRR7069909,Susceptible,Asp5Gly,L4
SRR7070411,Susceptible,Asp5Gly,L2
SRR7070549,Susceptible,Asp5Gly,L4
SRR7341698,Resistant,Glu49fs,L4
SRR7516344,Susceptible,Phe93Leu,L2
SRR7517745,Susceptible,Glu55Asp,L2
SRR7535055,Resistant,"Gly6Trp,Arg123Met",L4
SRR7725370,Hypersusceptible,C-11A,L2
CA0001409,Unknown,Leu40Val,L4
CA0010810,Resistant,Ile67fs,L4
CA0120809,Resistant,Ile67fs,L4
CA0140710,Unknown,G-76A,L4
CA0204610,Resistant,Ile67fs,L4
CA0219009,Unknown,Leu40Val,L4
CA0418908,Resistant,Ile67fs,L4
CA0481209,Unknown,Leu40Val,L4
CA0513509,Resistant,Asn98Asp,L4
CA0521409,Resistant,Ile67fs,L4
CA0779309,Unknown,Leu40Val,L4
CA0839909,Resistant,Ile67fs,L4
CA0923609,Resistant,Ile67fs,L4
HO-109,Resistant,Ile67fs,L4
HO-251,Resistant,Ile67fs,L4
LE-006,Resistant,Ile67fs,L4
LI2019409,Resistant,Ile67fs,L4
LI2036309,Unknown,Asn98Lys,L4
LI2058709,Resistant,Ile67fs,L4
LI2067809,Unknown,Leu40Val,L4
LI2090809,Unknown,Leu40Val,L4
LI2112709,Resistant,Arg90Cys,L4
LI2114109,Resistant,Ile67fs,L4
LI2119209,Unknown,Leu40Val,L4
LI2122509,Unknown,Leu40Val,L4
LI2135509,Unknown,Leu40Val,L4
LI2151409,Unknown,Leu40Val,L4
LI2169909,Unknown,Ala102Val,L4
LI2171709,Unknown,Leu40Val,L4
LI2189809,Unknown,Met139Ile,L2
LI2198409,Unknown,Met139Ile,L2
LI2213809,Unknown,Leu40Val,L4
LN-3755,Resistant,Ile67fs,L4
MDRDM260,Resistant,Ile67fs,L4
LN3756,Resistant,Ile67fs,L4
MFR-014,Resistant,Ile67fs,L4
MFR-061,Resistant,Ile67fs,L4
MFR-083,Resistant,Arg90Cys,L4
MFR-085,Resistant,Ile67fs,L4
MFR-164,Unknown,Met139Ile,L4
MFR-221,Resistant,Ile67fs,L4
MFR-256,Susceptible,Trp42Arg,L2
MFR-258,Resistant,Asn98Asp,L4
MK-2061,Resistant,Ile67fs,L4
MOP-037,Resistant,Arg72Trp,L4
MOP-066,Resistant,Ile67fs,L4
MOP-106,Unknown,Leu40Val,L4
MOP-187,Resistant,Ile67fs,L4
MOP-190,Resistant,Ile67fs,L4
MOP-195,Resistant,Ile67fs,L4
MOP-207,Resistant,Ile67fs,L4
PAR-044,Resistant,Ile67fs,L4
SLM-008,Resistant,Arg90Cys,L4
SLM-014,Resistant,Gly11fs,L4
SLM-046,Resistant,Ile67fs,L4
SLM-069,Resistant,Ile67fs,L4
SLM-101,Resistant,Ile67fs,L4
TAN-164,Resistant,Arg90Cys,L4
TAN-193,Unknown,Leu40Val,L4
TAN-221,Unknown,Leu40Val,L4
TAN-242,Resistant,Arg90Cys,L4
TAN-267,Unknown,Leu40Val,L4
TAN-372,Unknown,Pro48Leu,L4
TAN-492,Unknown,Leu40Val,L4
TAN-494,Resistant,Arg90Cys,L4
TAN-573,Unknown,Leu40Val,L4
TAN-589,Unknown,Pro48Leu,L4
TAN-603,Resistant,Arg90Cys,L4
TAN-678,Unknown,Pro14Leu,L4
TAN-680,Unknown,Leu74Val,L4
TAN-698,Resistant,Arg90Cys,L4
TAN-798,Unknown,Leu40Val,L4
TPI-973,Resistant,Ile67fs,L4
