original,new,drug,effect score,effect,position,prob of resistance
Ala,Val,INFERRED,-2.348,Neutral,36,55.30%
Ala,Gly,INFERRED,-2.925,Deleterious,59,40.31%
Ala,Ser,INFERRED,-1.497,Neutral,59,58.73%
Leu,Arg,INFERRED,-3.111,Deleterious,154,60.58%
Asn,Thr,Unknown,-0.455,Neutral,4,97.27%
Gly,Val,Unknown,-0.257,Neutral,6,32.50%
Val,Gly,Unknown,-0.833,Neutral,7,12.24%
Val,Gly,Unknown,-0.833,Neutral,7,12.24%
Asp,Glu,Unknown,-0.314,Neutral,8,89.82%
Asp,Tyr,Unknown,-1.257,Neutral,8,75.12%
Gln,Lys,Unknown,-0.2,Neutral,9,92.89%
Met,Ile,Unknown,-0.643,Neutral,10,36.27%
Gly,Ser,Unknown,0.795,Neutral,11,35.65%
Glu,Ala,Unknown,-1.26,Neutral,13,23.23%
Glu,Lys,Unknown,-1.075,Neutral,13,81.69%
Pro,Thr,Unknown,-0.793,Neutral,14,57.00%
Asp,Glu,Unknown,0.425,Neutral,15,89.82%
Glu,Asp,Unknown,-1.186,Neutral,18,85.04%
Phe,Leu,Unknown,-3.438,Deleterious,19,15.62%
Gly,Asp,Unknown,-3.867,Deleterious,24,53.23%
Gly,Arg,Unknown,1.005,Neutral,25,34.56%
Gly,Asp,Unknown,-0.3,Neutral,25,53.23%
Tyr,Cys,Unknown,-2.79,Deleterious,26,55.22%
Tyr,Cys,Unknown,-2.79,Deleterious,26,55.22%
Phe,Ser,Unknown,-4.329,Deleterious,27,16.09%
Glu,Ala,Unknown,-2.405,Neutral,28,23.23%
Ser,Tyr,Unknown,-2.388,Neutral,29,74.30%
Ser,Tyr,Unknown,-2.388,Neutral,29,74.30%
Arg,Lys,Unknown,0.319,Neutral,30,84.31%
Leu,Ser,Unknown,-2.671,Deleterious,32,71.45%
Leu,Trp,Unknown,-3.26,Deleterious,32,60.92%
Arg,Trp,Unknown,-5.162,Deleterious,34,48.94%
Gly,Ser,Unknown,-5.271,Deleterious,37,35.65%
Arg,Leu,Unknown,-6.433,Deleterious,38,76.33%
Gly,Ala,Unknown,-3.038,Deleterious,41,16.31%
Gly,Cys,Unknown,-6.19,Deleterious,41,49.44%
Leu,Arg,Unknown,-5.971,Deleterious,43,60.58%
Asp,Tyr,Unknown,-6.152,Deleterious,47,75.12%
Pro,His,Unknown,-6.957,Deleterious,48,34.54%
Pro,Leu,Unknown,-8.086,Deleterious,48,41.20%
Pro,Leu,Unknown,-8.086,Deleterious,48,41.20%
Glu,Asp,Unknown,-0.452,Neutral,49,85.04%
Arg,Gln,Unknown,1.386,Neutral,50,83.82%
Glu,Gln,Unknown,-0.152,Neutral,54,79.28%
Leu,Met,Unknown,-1.368,Neutral,56,76.83%
Ala,Ser,Unknown,-1.459,Neutral,57,58.73%
Ala,Gly,Unknown,1.269,Neutral,61,40.31%
Ala,Ser,Unknown,0.714,Neutral,61,58.73%
Ala,Thr,Unknown,-0.681,Neutral,61,84.11%
Ala,Val,Unknown,-2.231,Neutral,61,55.30%
Ser,Arg,Unknown,2.09,Neutral,64,54.25%
Thr,Ala,Unknown,-3.026,Deleterious,69,80.81%
Thr,Ala,Unknown,-3.026,Deleterious,69,80.81%
Asn,His,Unknown,-1.948,Neutral,70,93.91%
Asn,Ile,Unknown,-2.114,Neutral,70,96.87%
Ala,Val,Unknown,0.952,Neutral,71,55.30%
Met,Ile,Unknown,-0.648,Neutral,73,36.27%
Ile,Asn,Unknown,-1.566,Neutral,75,76.80%
Ile,Thr,Unknown,0.621,Neutral,75,85.70%
Ile,Val,Unknown,0.355,Neutral,75,58.34%
Gln,Glu,Unknown,-0.702,Neutral,76,96.67%
Gln,Lys,Unknown,-0.814,Neutral,76,92.89%
Glu,Lys,Unknown,-1.981,Neutral,81,81.69%
Leu,Ile,Unknown,0.443,Neutral,83,73.99%
Leu,Phe,Unknown,-1.248,Neutral,83,76.83%
Ala,Glu,Unknown,-0.805,Neutral,84,81.95%
Ala,Ser,Unknown,0.014,Neutral,84,58.73%
Ala,Val,Unknown,-1.69,Neutral,84,55.30%
Gly,Glu,Unknown,-6.028,Deleterious,87,63.86%
Thr,Ala,Unknown,-0.576,Neutral,91,80.81%
Thr,Ile,Unknown,-1.648,Neutral,91,91.93%
Thr,Pro,Unknown,-1.267,Neutral,91,91.93%
Thr,Ala,Unknown,-0.576,Neutral,91,80.81%
Thr,Ile,Unknown,-1.648,Neutral,91,91.93%
Thr,Pro,Unknown,-1.267,Neutral,91,91.93%
Tyr,Asn,Unknown,-5.529,Deleterious,92,38.70%
Tyr,Cys,Unknown,-5.986,Deleterious,92,55.22%
Tyr,Asn,Unknown,-5.529,Deleterious,92,38.70%
Tyr,Cys,Unknown,-5.986,Deleterious,92,55.22%
Arg,Gly,Unknown,-2.633,Deleterious,96,60.32%
Arg,Trp,Unknown,-4.089,Deleterious,96,48.94%
Pro,Leu,Unknown,-5.617,Deleterious,97,41.20%
Pro,Leu,Unknown,-5.617,Deleterious,97,41.20%
Ala,Asp,Unknown,-2.611,Deleterious,99,74.51%
Phe,Leu,Unknown,-2.9,Deleterious,100,15.62%
Ala,Ser,Unknown,0.167,Neutral,102,58.73%
Gly,Ser,Unknown,1.217,Neutral,103,35.65%
Arg,Cys,Unknown,-3.917,Deleterious,105,76.33%
Arg,His,Unknown,-2.444,Neutral,105,84.31%
Arg,Gly,Unknown,-3.311,Deleterious,105,60.32%
Arg,Cys,Unknown,-4.3,Deleterious,107,76.33%
Arg,Gly,Unknown,-3.289,Deleterious,107,60.32%
Ile,Leu,Unknown,0.605,Neutral,108,76.01%
Ile,Val,Unknown,-0.367,Neutral,108,58.34%
Ala,Glu,Unknown,-1.156,Neutral,110,81.95%
Ala,Ser,Unknown,0.099,Neutral,110,58.73%
Ala,Val,Unknown,-0.39,Neutral,110,55.30%
Met,Leu,Unknown,0.5,Neutral,111,38.80%
Met,Thr,Unknown,-2.25,Neutral,111,54.53%
Leu,Pro,Unknown,-3.344,Deleterious,114,74.87%
Gln,Arg,Unknown,0.933,Neutral,115,82.44%
Gln,Lys,Unknown,0.15,Neutral,115,92.89%
Asp,Ala,Unknown,-1.152,Neutral,116,23.23%
Asp,Val,Unknown,-3.4,Deleterious,119,60.01%
Val,Met,Unknown,0.769,Neutral,120,30.58%
Val,Met,Unknown,0.769,Neutral,120,30.58%
Leu,Arg,Unknown,-3.522,Deleterious,125,60.58%
Gly,Asp,Unknown,-0.387,Neutral,126,53.23%
Asp,Ala,Unknown,-3.346,Deleterious,127,23.23%
Asp,Val,Unknown,-3.842,Deleterious,127,60.01%
Ala,Pro,Unknown,0.733,Neutral,128,72.46%
Ala,Ser,Unknown,0.367,Neutral,128,58.73%
Pro,Gln,Unknown,-0.567,Neutral,129,53.20%
Pro,Ser,Unknown,-0.117,Neutral,129,36.75%
Pro,Thr,Unknown,-0.25,Neutral,129,57.00%
Pro,Arg,Unknown,-2.267,Neutral,130,25.36%
Pro,Gln,Unknown,-1.833,Neutral,130,53.20%
Gln,Arg,Unknown,-1.142,Neutral,131,82.44%
Gln,His,Unknown,-1.305,Neutral,131,92.89%
Gln,Pro,Unknown,-1.238,Neutral,131,95.92%
Ser,Arg,Unknown,0.963,Neutral,133,54.25%
Ser,Arg,Unknown,0.963,Neutral,133,54.25%
Arg,Gln,Unknown,0.067,Neutral,134,83.82%
Arg,Gly,Unknown,-3.119,Deleterious,137,60.32%
Arg,Leu,Unknown,-2.779,Deleterious,137,76.33%
Arg,Pro,Unknown,-3.325,Deleterious,137,74.34%
Arg,Leu,Unknown,-3.967,Deleterious,140,76.33%
Arg,Trp,Unknown,-4.7,Deleterious,140,48.94%
Asp,His,Unknown,-4.533,Deleterious,141,79.28%
Asn,His,Unknown,-0.729,Neutral,148,93.91%
Asn,Lys,Unknown,0.46,Neutral,148,93.91%
Asn,Tyr,Unknown,-1.698,Neutral,148,88.35%
Val,Ile,Unknown,-0.739,Neutral,149,27.42%
Val,Ile,Unknown,-0.739,Neutral,149,27.42%
Asp,Glu,Unknown,0.679,Neutral,152,89.82%
Asp,Val,Unknown,-0.861,Neutral,152,60.01%
Gly,Trp,Unknown,0.367,Neutral,155,34.89%
Arg,Leu,Unknown,-4.128,Deleterious,156,76.33%
Arg,Leu,Unknown,-2.57,Deleterious,160,76.33%
Thr,Ile,Unknown,-1.712,Neutral,161,91.93%
Thr,Pro,Unknown,-0.832,Neutral,161,91.93%
Thr,Ile,Unknown,-1.712,Neutral,161,91.93%
Thr,Pro,Unknown,-0.832,Neutral,161,91.93%
Gly,Glu,Unknown,0.604,Neutral,162,63.86%
