"original","new","drug","effect score","effect","position","dna_binding","dimerisation","ligand_binding"
"Asn","Thr","Unknown",-0.455,"Neutral",4,0,0,0
"Gly","Val","Unknown",-0.257,"Neutral",6,0,0,0
"Val","Gly","Unknown",-0.833,"Neutral",7,0,0,0
"Val","Gly","Unknown",-0.833,"Neutral",7,0,0,0
"Asp","Glu","Unknown",-0.314,"Neutral",8,0,0,0
"Asp","Tyr","Unknown",-1.257,"Neutral",8,0,0,0
"Gln","Lys","Unknown",-0.2,"Neutral",9,0,0,0
"Met","Ile","Unknown",-0.643,"Neutral",10,0,0,0
"Gly","Ser","Unknown",0.795,"Neutral",11,0,0,0
"Glu","Ala","Unknown",-1.26,"Neutral",13,0,0,0
"Glu","Lys","Unknown",-1.075,"Neutral",13,0,0,0
"Pro","Thr","Unknown",-0.793,"Neutral",14,0,1,0
"Asp","Glu","Unknown",0.425,"Neutral",15,0,1,0
"Glu","Asp","Unknown",-1.186,"Neutral",18,0,1,0
"Phe","Leu","Unknown",-3.438,"Deleterious",19,0,1,0
"Gly","Asp","Unknown",-3.867,"Deleterious",24,0,1,0
"Gly","Arg","Unknown",1.005,"Neutral",25,0,1,0
"Gly","Asp","Unknown",-0.3,"Neutral",25,0,1,0
"Tyr","Cys","Unknown",-2.79,"Deleterious",26,0,1,1
"Tyr","Cys","Unknown",-2.79,"Deleterious",26,0,1,1
"Phe","Ser","Unknown",-4.329,"Deleterious",27,0,1,1
"Glu","Ala","Unknown",-2.405,"Neutral",28,0,1,0
"Ser","Tyr","Unknown",-2.388,"Neutral",29,0,1,0
"Ser","Tyr","Unknown",-2.388,"Neutral",29,0,1,0
"Arg","Lys","Unknown",0.319,"Neutral",30,0,1,1
"Leu","Ser","Unknown",-2.671,"Deleterious",32,1,0,1
"Leu","Trp","Unknown",-3.26,"Deleterious",32,1,0,1
"Arg","Trp","Unknown",-5.162,"Deleterious",34,1,0,0
"Ala","Val","INFERRED",-2.348,"Neutral",36,1,0,0
"Gly","Ser","Unknown",-5.271,"Deleterious",37,1,0,0
"Arg","Leu","Unknown",-6.433,"Deleterious",38,1,0,0
"Gly","Ala","Unknown",-3.038,"Deleterious",41,1,0,0
"Gly","Cys","Unknown",-6.19,"Deleterious",41,1,0,0
"Leu","Arg","Unknown",-5.971,"Deleterious",43,1,0,0
"Asp","Tyr","Unknown",-6.152,"Deleterious",47,1,0,0
"Pro","His","Unknown",-6.957,"Deleterious",48,1,0,0
"Pro","Leu","Unknown",-8.086,"Deleterious",48,1,0,0
"Pro","Leu","Unknown",-8.086,"Deleterious",48,1,0,0
"Glu","Asp","Unknown",-0.452,"Neutral",49,1,0,0
"Arg","Gln","Unknown",1.386,"Neutral",50,1,0,0
"Glu","Gln","Unknown",-0.152,"Neutral",54,1,0,0
"Leu","Met","Unknown",-1.368,"Neutral",56,1,0,0
"Ala","Ser","Unknown",-1.459,"Neutral",57,1,0,0
"Ala","Gly","INFERRED",-2.925,"Deleterious",59,1,0,0
"Ala","Ser","INFERRED",-1.497,"Neutral",59,1,0,0
"Ala","Gly","Unknown",1.269,"Neutral",61,1,0,0
"Ala","Ser","Unknown",0.714,"Neutral",61,1,0,0
"Ala","Thr","Unknown",-0.681,"Neutral",61,1,0,0
"Ala","Val","Unknown",-2.231,"Neutral",61,1,0,0
"Ser","Arg","Unknown",2.09,"Neutral",64,1,0,0
"Thr","Ala","Unknown",-3.026,"Deleterious",69,1,0,0
"Thr","Ala","Unknown",-3.026,"Deleterious",69,1,0,0
"Asn","His","Unknown",-1.948,"Neutral",70,1,0,0
"Asn","Ile","Unknown",-2.114,"Neutral",70,1,0,0
"Ala","Val","Unknown",0.952,"Neutral",71,1,0,0
"Met","Ile","Unknown",-0.648,"Neutral",73,1,0,0
"Ile","Asn","Unknown",-1.566,"Neutral",75,1,0,0
"Ile","Thr","Unknown",0.621,"Neutral",75,1,0,0
"Ile","Val","Unknown",0.355,"Neutral",75,1,0,0
"Gln","Glu","Unknown",-0.702,"Neutral",76,1,0,1
"Gln","Lys","Unknown",-0.814,"Neutral",76,1,0,1
"Glu","Lys","Unknown",-1.981,"Neutral",81,1,0,0
"Leu","Ile","Unknown",0.443,"Neutral",83,1,0,0
"Leu","Phe","Unknown",-1.248,"Neutral",83,1,0,0
"Ala","Glu","Unknown",-0.805,"Neutral",84,1,0,0
"Ala","Ser","Unknown",0.014,"Neutral",84,1,0,0
"Ala","Val","Unknown",-1.69,"Neutral",84,1,0,0
"Gly","Glu","Unknown",-6.028,"Deleterious",87,1,0,0
"Thr","Ala","Unknown",-0.576,"Neutral",91,1,0,0
"Thr","Ile","Unknown",-1.648,"Neutral",91,1,0,0
"Thr","Pro","Unknown",-1.267,"Neutral",91,1,0,0
"Thr","Ala","Unknown",-0.576,"Neutral",91,1,0,0
"Thr","Ile","Unknown",-1.648,"Neutral",91,1,0,0
"Thr","Pro","Unknown",-1.267,"Neutral",91,1,0,0
"Tyr","Asn","Unknown",-5.529,"Deleterious",92,1,0,0
"Tyr","Cys","Unknown",-5.986,"Deleterious",92,1,0,0
"Tyr","Asn","Unknown",-5.529,"Deleterious",92,1,0,0
"Tyr","Cys","Unknown",-5.986,"Deleterious",92,1,0,0
"Arg","Gly","Unknown",-2.633,"Deleterious",96,1,0,0
"Arg","Trp","Unknown",-4.089,"Deleterious",96,1,0,0
"Pro","Leu","Unknown",-5.617,"Deleterious",97,1,0,0
"Pro","Leu","Unknown",-5.617,"Deleterious",97,1,0,0
"Ala","Asp","Unknown",-2.611,"Deleterious",99,0,1,0
"Phe","Leu","Unknown",-2.9,"Deleterious",100,0,1,1
"Ala","Ser","Unknown",0.167,"Neutral",102,0,1,0
"Gly","Ser","Unknown",1.217,"Neutral",103,0,1,1
"Arg","Cys","Unknown",-3.917,"Deleterious",105,0,1,0
"Arg","His","Unknown",-2.444,"Neutral",105,0,1,0
"Arg","Gly","Unknown",-3.311,"Deleterious",105,0,1,0
"Arg","Cys","Unknown",-4.3,"Deleterious",107,0,1,1
"Arg","Gly","Unknown",-3.289,"Deleterious",107,0,1,1
"Ile","Leu","Unknown",0.605,"Neutral",108,0,1,0
"Ile","Val","Unknown",-0.367,"Neutral",108,0,1,0
"Ala","Glu","Unknown",-1.156,"Neutral",110,0,1,1
"Ala","Ser","Unknown",0.099,"Neutral",110,0,1,1
"Ala","Val","Unknown",-0.39,"Neutral",110,0,1,1
"Met","Leu","Unknown",0.5,"Neutral",111,0,1,1
"Met","Thr","Unknown",-2.25,"Neutral",111,0,1,1
"Leu","Pro","Unknown",-3.344,"Deleterious",114,0,1,1
"Gln","Arg","Unknown",0.933,"Neutral",115,0,1,0
"Gln","Lys","Unknown",0.15,"Neutral",115,0,1,0
"Asp","Ala","Unknown",-1.152,"Neutral",116,0,1,0
"Asp","Val","Unknown",-3.4,"Deleterious",119,0,1,0
"Val","Met","Unknown",0.769,"Neutral",120,0,1,0
"Val","Met","Unknown",0.769,"Neutral",120,0,1,0
"Leu","Arg","Unknown",-3.522,"Deleterious",125,0,1,0
"Gly","Asp","Unknown",-0.387,"Neutral",126,0,1,0
"Asp","Ala","Unknown",-3.346,"Deleterious",127,0,1,0
"Asp","Val","Unknown",-3.842,"Deleterious",127,0,1,0
"Ala","Pro","Unknown",0.733,"Neutral",128,0,1,0
"Ala","Ser","Unknown",0.367,"Neutral",128,0,1,0
"Pro","Gln","Unknown",-0.567,"Neutral",129,0,1,0
"Pro","Ser","Unknown",-0.117,"Neutral",129,0,1,0
"Pro","Thr","Unknown",-0.25,"Neutral",129,0,1,0
"Pro","Arg","Unknown",-2.267,"Neutral",130,0,1,0
"Pro","Gln","Unknown",-1.833,"Neutral",130,0,1,0
"Gln","Arg","Unknown",-1.142,"Neutral",131,0,1,0
"Gln","His","Unknown",-1.305,"Neutral",131,0,1,0
"Gln","Pro","Unknown",-1.238,"Neutral",131,0,1,0
"Ser","Arg","Unknown",0.963,"Neutral",133,0,1,0
"Ser","Arg","Unknown",0.963,"Neutral",133,0,1,0
"Arg","Gln","Unknown",0.067,"Neutral",134,0,1,0
"Arg","Gly","Unknown",-3.119,"Deleterious",137,0,1,0
"Arg","Leu","Unknown",-2.779,"Deleterious",137,0,1,0
"Arg","Pro","Unknown",-3.325,"Deleterious",137,0,1,0
"Arg","Leu","Unknown",-3.967,"Deleterious",140,0,1,0
"Arg","Trp","Unknown",-4.7,"Deleterious",140,0,1,0
"Asp","His","Unknown",-4.533,"Deleterious",141,0,1,0
"Asn","His","Unknown",-0.729,"Neutral",148,0,1,0
"Asn","Lys","Unknown",0.46,"Neutral",148,0,1,0
"Asn","Tyr","Unknown",-1.698,"Neutral",148,0,1,0
"Val","Ile","Unknown",-0.739,"Neutral",149,0,1,0
"Val","Ile","Unknown",-0.739,"Neutral",149,0,1,0
"Asp","Glu","Unknown",0.679,"Neutral",152,0,1,0
"Asp","Val","Unknown",-0.861,"Neutral",152,0,1,0
"Leu","Arg","INFERRED",-3.111,"Deleterious",154,0,1,0
"Gly","Trp","Unknown",0.367,"Neutral",155,0,1,0
"Arg","Leu","Unknown",-4.128,"Deleterious",156,0,1,0
"Arg","Leu","Unknown",-2.57,"Deleterious",160,0,1,0
"Thr","Ile","Unknown",-1.712,"Neutral",161,0,1,0
"Thr","Pro","Unknown",-0.832,"Neutral",161,0,1,0
"Thr","Ile","Unknown",-1.712,"Neutral",161,0,1,0
"Thr","Pro","Unknown",-0.832,"Neutral",161,0,1,0
"Gly","Glu","Unknown",0.604,"Neutral",162,0,1,0
